Kc Crop Phase,DAP,Kc
Kc Initial Phase,  0,0.30
Kc Initial Phase,  1,0.30
Kc Initial Phase,  2,0.30
Kc Initial Phase,  3,0.30
Kc Initial Phase,  4,0.30
Kc Initial Phase,  5,0.30
Kc Initial Phase,  6,0.30
Kc Initial Phase,  7,0.30
Kc Initial Phase,  8,0.30
Kc Initial Phase,  9,0.30
Kc Initial Phase, 10,0.30
Kc Initial Phase, 11,0.30
Kc Initial Phase, 12,0.30
Kc Initial Phase, 13,0.30
Kc Initial Phase, 14,0.30
Kc Initial Phase, 15,0.30
Kc Initial Phase, 16,0.30
Kc Initial Phase, 17,0.30
Kc Initial Phase, 18,0.30
Kc Initial Phase, 19,0.30
Kc Initial Phase, 20,0.30
Kc Initial Phase, 21,0.30
Kc Initial Phase, 22,0.30
Kc Initial Phase, 23,0.30
Kc Initial Phase, 24,0.30
Kc Initial Phase, 25,0.30
Kc Initial Phase, 26,0.30
Kc Initial Phase, 27,0.30
Kc Initial Phase, 28,0.30
Kc Initial Phase, 29,0.30
Kc Initial Phase, 30,0.30
Kc Middle Phase, 31,0.32
Kc Middle Phase, 32,0.34
Kc Middle Phase, 33,0.35
Kc Middle Phase, 34,0.37
Kc Middle Phase, 35,0.39
Kc Middle Phase, 36,0.41
Kc Middle Phase, 37,0.43
Kc Middle Phase, 38,0.44
Kc Middle Phase, 39,0.46
Kc Middle Phase, 40,0.48
Kc Middle Phase, 41,0.50
Kc Middle Phase, 42,0.52
Kc Middle Phase, 43,0.53
Kc Middle Phase, 44,0.55
Kc Middle Phase, 45,0.57
Kc Middle Phase, 46,0.59
Kc Middle Phase, 47,0.61
Kc Middle Phase, 48,0.62
Kc Middle Phase, 49,0.64
Kc Middle Phase, 50,0.66
Kc Middle Phase, 51,0.68
Kc Middle Phase, 52,0.70
Kc Middle Phase, 53,0.71
Kc Middle Phase, 54,0.73
Kc Middle Phase, 55,0.75
Kc Middle Phase, 56,0.77
Kc Middle Phase, 57,0.79
Kc Middle Phase, 58,0.80
Kc Middle Phase, 59,0.82
Kc Middle Phase, 60,0.84
Kc Middle Phase, 61,0.86
Kc Middle Phase, 62,0.88
Kc Middle Phase, 63,0.89
Kc Middle Phase, 64,0.91
Kc Middle Phase, 65,0.93
Kc Middle Phase, 66,0.95
Kc Middle Phase, 67,0.97
Kc Middle Phase, 68,0.98
Kc Middle Phase, 69,1.00
Kc Middle Phase, 70,1.02
Kc Middle Phase, 71,1.04
Kc Middle Phase, 72,1.06
Kc Middle Phase, 73,1.07
Kc Middle Phase, 74,1.09
Kc Middle Phase, 75,1.11
Kc Middle Phase, 76,1.13
Kc Middle Phase, 77,1.15
Kc Middle Phase, 78,1.16
Kc Middle Phase, 79,1.18
Kc Middle Phase, 80,1.20
Kc Middle Phase, 81,1.20
Kc Middle Phase, 82,1.20
Kc Middle Phase, 83,1.20
Kc Middle Phase, 84,1.20
Kc Middle Phase, 85,1.20
Kc Middle Phase, 86,1.20
Kc Middle Phase, 87,1.20
Kc Middle Phase, 88,1.20
Kc Middle Phase, 89,1.20
Kc Middle Phase, 90,1.20
Kc Middle Phase, 91,1.20
Kc Middle Phase, 92,1.20
Kc Middle Phase, 93,1.20
Kc Middle Phase, 94,1.20
Kc Middle Phase, 95,1.20
Kc Middle Phase, 96,1.20
Kc Middle Phase, 97,1.20
Kc Middle Phase, 98,1.20
Kc Middle Phase, 99,1.20
Kc Middle Phase,100,1.20
Kc Middle Phase,101,1.20
Kc Middle Phase,102,1.20
Kc Middle Phase,103,1.20
Kc Middle Phase,104,1.20
Kc Middle Phase,105,1.20
Kc Middle Phase,106,1.20
Kc Middle Phase,107,1.20
Kc Middle Phase,108,1.20
Kc Middle Phase,109,1.20
Kc Middle Phase,110,1.20
Kc Middle Phase,111,1.20
Kc Middle Phase,112,1.20
Kc Middle Phase,113,1.20
Kc Middle Phase,114,1.20
Kc Middle Phase,115,1.20
Kc Middle Phase,116,1.20
Kc Middle Phase,117,1.20
Kc Middle Phase,118,1.20
Kc Middle Phase,119,1.20
Kc Middle Phase,120,1.20
Kc Middle Phase,121,1.20
Kc Middle Phase,122,1.20
Kc Middle Phase,123,1.20
Kc Middle Phase,124,1.20
Kc Middle Phase,125,1.20
Kc Middle Phase,126,1.20
Kc Middle Phase,127,1.20
Kc Middle Phase,128,1.20
Kc Middle Phase,129,1.20
Kc Middle Phase,130,1.20
Kc Middle Phase,131,1.20
Kc Middle Phase,132,1.20
Kc Middle Phase,133,1.20
Kc Middle Phase,134,1.20
Kc Middle Phase,135,1.20
Kc Middle Phase,136,1.20
Kc Middle Phase,137,1.20
Kc Middle Phase,138,1.20
Kc Middle Phase,139,1.20
Kc Middle Phase,140,1.20
Kc End Phase,141,1.19
Kc End Phase,142,1.17
Kc End Phase,143,1.16
Kc End Phase,144,1.14
Kc End Phase,145,1.13
Kc End Phase,146,1.11
Kc End Phase,147,1.09
Kc End Phase,148,1.08
Kc End Phase,149,1.06
Kc End Phase,150,1.05
Kc End Phase,151,1.03
Kc End Phase,152,1.02
Kc End Phase,153,1.00
Kc End Phase,154,0.99
Kc End Phase,155,0.97
Kc End Phase,156,0.96
Kc End Phase,157,0.94
Kc End Phase,158,0.93
Kc End Phase,159,0.92
Kc End Phase,160,0.90
Kc End Phase,161,0.89
Kc End Phase,162,0.87
Kc End Phase,163,0.85
Kc End Phase,